﻿<?xml version="1.0" encoding="utf-8" standalone="no" ?>
<modDesc descVersion="48">

    <author>sperrgebiet</author>
    <version>1.0.1.0</version>

    <title>
		<en>Info Message HUD</en>	
        <de>Info Nachrichten HUD</de>
	</title>

	<iconFilename>icon.dds</iconFilename>
	
	<multiplayer supported="true"/>
    
	<description>
        <de><![CDATA[Man kennt ja diese Infomeldungen die im Hilfemenü (F1) angezeigt werden. Diese zeigen z.B. an das man sich in einem Trigger befindet und eine Aktion ausführen kann, aber auch das ein
Anbaugerät aufgefüllt werden muss. Damit man nicht immer mit aufgeklappten Hilfe/F1 Menü herumlaufen muss, zeigt dieser Mod eben diese Meldungen immer links oben an. Natürlich Kontextbezogen, und eben nur wenn es
auch solche Meldungen gibt. Dabei werden Standardmeldugnen in Weiß, und mögliche Aktionen in Gelb angezeigt.

Changelog:
1.0.0.0: Initiale Version
1.0.0.1: Weitere Infos werden werden jetzt angezeigt. Im speziellen Infos in einem Holzvollernter (Schnittlänge, max. Schnittlänge, Aktion wenn ein Schnitt ausgeführt werden kann.
1.0.0.2: Support für Wopster's Gülle System; Mod-spezifische Aktionen werden nun auch angezeigt
]]></de>
		<en><![CDATA[There are those info messages within the help (F1) menu. Those show for example when you're within a trigger and can perform a given action. But also the messages which tell you that you've
to fill an implement first. This mod shows these messages in the upper left corner when you're hiding the help (F1) menu, so that you never miss an action, and don't have to show the help menu all the time. 
Normal messages are shown in white, if the message is related to an action it will be shown in yellow.

Changelog:
1.0.0.0: Initial version
1.0.0.1: Added the rendering of additional info messages; Right now for wood harvester, to display the current cut & max cut length, as well as the action to cut a tree
1.0.0.2: Support for Wopster's Manure System; Mod-specific actions are displayed now as well
1.0.1.0: Support for Wopster's Manual Attach
]]></en>
    </description>

	<extraSourceFiles>
		<sourceFile filename="InfoMessageHUD.lua" />
	</extraSourceFiles>

	<l10n>
		<text name="woodHarvester_cutLength">
			<de>Schnittlänge</de>
			<en>Cutting length</en>
		</text>
		<text name="woodHarvester_maxLength">
			<de>Max. Schnittlänge</de>
			<en>Max. cutting length</en>
		</text>
	</l10n>

</modDesc>